MSinceOldestTradeOpen,MSinceMostRecentTradeOpen,AverageMInFile,NumSatisfactoryTrades,NumTrades60Ever2DerogPubRec,NumTrades90Ever2DerogPubRec,PercentTradesNeverDelq,MSinceMostRecentDelq,MaxDelq2PublicRecLast12M,MaxDelqEver,NumTotalTrades,NumTradesOpeninLast12M,PercentInstallTrades,MSinceMostRecentInqexcl7days,NumInqLast6M,NumInqLast6Mexcl7days,NetFractionRevolvingBurden,NetFractionInstallBurden,NumRevolvingTradesWBalance,NumInstallTradesWBalance,NumBank2NatlTradesWHighUtilization,PercentTradesWBalance
12,12,12,1,0,0,100,-7,7,8,1,0,100,0,2,2,-8,88,-8,1,-8,100
145,1,68,33,0,0,100,-7,7,8,52,6,36,-7,0,0,91,75,9,7,6,100
14,12,13,2,0,0,100,-7,7,8,2,0,100,-7,4,4,-8,83,-8,2,-8,100
74,27,48,3,0,0,100,-7,7,8,3,0,100,0,2,2,-8,98,-8,1,-8,100
7,7,7,1,0,0,100,-7,7,8,1,1,100,-8,0,0,-8,92,-8,1,-8,100
8,7,8,2,0,0,100,-7,7,8,2,2,100,-7,0,0,-8,81,-8,2,-8,100
69,12,34,3,1,1,100,-7,6,8,3,0,100,0,4,4,-8,64,-8,2,-8,100
46,13,28,4,0,0,100,-7,7,8,4,0,75,0,0,0,-8,-8,-8,1,-8,100
27,19,22,3,2,2,100,-7,6,8,3,0,100,2,4,4,-8,-8,-8,1,-8,100
56,14,35,2,1,1,100,-7,0,8,4,0,100,0,0,0,-8,80,-8,2,-8,100
91,4,48,2,0,0,50,-7,5,7,2,1,100,3,3,3,-8,97,-8,2,-8,100
